date,ph_upvotes,gh_stars,reddit_github,reddit_js,reddit_devtools,reddit_sideproject,reddit_webdev,reddit_opensource,twitter_impressions,twitter_engagement,gh_traffic_referral,notes
2026-06-13,0,1,0,0,0,0,0,0,0,0,0,PH launch day (scheduled)
2026-06-14,0,1,0,0,0,0,0,0,0,0,0,Reddit r/github, Twitter Thread 1
2026-06-15,0,1,0,0,0,0,0,0,0,0,0,Engagement check
2026-06-16,0,1,0,0,0,0,0,0,0,0,0,Reddit r/javascript, Twitter Thread 2
2026-06-17,0,1,0,0,0,0,0,0,0,0,0,Engagement check
2026-06-18,0,1,0,0,0,0,0,0,0,0,0,Reddit r/devtools, Twitter Thread 3
2026-06-19,0,1,0,0,0,0,0,0,0,0,0,Engagement check
2026-06-20,0,1,0,0,0,0,0,0,0,0,0,DECISION DAY (7 days post-PH)
2026-06-21,0,1,0,0,0,0,0,0,0,0,0,Contingent on Day 7 decision
2026-06-22,0,1,0,0,0,0,0,0,0,0,0,Contingent on Day 7 decision
2026-06-23,0,1,0,0,0,0,0,0,0,0,0,Contingent on Day 7 decision
2026-06-24,0,1,0,0,0,0,0,0,0,0,0,Contingent on Day 7 decision
2026-06-25,0,1,0,0,0,0,0,0,0,0,0,Contingent on Day 7 decision
2026-06-26,0,1,0,0,0,0,0,0,0,0,0,Contingent on Day 7 decision
2026-06-27,0,1,0,0,0,0,0,0,0,0,0,FINAL REVIEW (Day 14)
